表名稱,欄位名稱,位序,預設值,空值,資料型別,長度,主鍵,欄位描述
A_C_LifeStyle,SID,1,,NO,int,,V,
A_C_LifeStyle,Name,2,,NO,nvarchar,50,,
A_C_Origin,SID,1,,NO,int,,V,
A_C_Origin,Name,2,,YES,nvarchar,50,,
A_C_TreeStyle,SID,1,,NO,int,,V,
A_C_TreeStyle,Name,2,,NO,nvarchar,50,,樹木型態
A_County,SID,1,,NO,int,,V,
A_County,Code,2,,YES,char,1,,
A_County,Name,3,,YES,nvarchar,10,,
A_County,Geometry,4,,YES,geometry,-1,,
A_Function,SID,1,,NO,int,,V,
A_Function,ModuleID,2,,YES,int,,,
A_Function,PageID,3,,YES,nvarchar,50,,
A_Function,Module,4,,YES,nvarchar,50,,模組名稱
A_Function,Page,5,,YES,nvarchar,50,,子頁面名稱
A_Function,Button,6,,YES,nvarchar,50,,按鈕名稱
A_Right,SID,1,,NO,int,,V,
A_Right,RID,2,,NO,int,,,D_C_Role的SID
A_Right,FID,3,,NO,int,,,A_Function的SID
A_Right,Relation,4,((0)),NO,bit,,,是否只能使用帳號關聯資料
A_Town,SID,1,,NO,int,,V,
A_Town,CountyCode,2,,YES,char,1,,
A_Town,Code,3,,YES,char,2,,
A_Town,Name,4,,YES,nvarchar,10,,
A_Town,Geometry,5,,YES,geometry,-1,,
A_TreeKind,SID,1,,NO,int,,V,
A_TreeKind,UID,2,,NO,varchar,10,,樹種編碼
A_TreeKind,KindName,3,,NO,nvarchar,50,,代表名稱
A_TreeKind,ScientificName,4,,NO,varchar,200,,完整學名
A_TreeKind,CommonName_C,5,,NO,nvarchar,200,,通用俗名
A_TreeKind,FamilyName,6,,NO,varchar,200,,科名
A_TreeKind,FamilyName_C,7,,NO,nvarchar,200,,科名(中文)
A_TreeKind,GenericName,8,,NO,varchar,200,,
A_TreeKind,GenericName_C,9,,NO,nvarchar,200,,
A_TreeKind,LifeStyle,10,,NO,int,,,A_C_LifeStyle的Sid
A_TreeKind,TreeStyle,11,,NO,int,,,A_C_TreeStyle的Sid
A_TreeKind,Origin,12,,NO,int,,,A_C_Origin的Sid
A_TreeKind,State,13,((1)),NO,bit,,,是否可用
A_TreeKind,SpecificName,14,,YES,varchar,100,,
A_TreeKind,HybridSymbol,15,,YES,varchar,5,,
A_TreeKind,Rank,16,,YES,varchar,20,,
A_TreeKind,InfraSpecificEpithet,17,,YES,varchar,100,,
A_TreeKind,Annotation,18,,YES,varchar,255,,
A_TreeTag,SID,1,,NO,int,,V,
A_TreeTag,GID,2,,YES,int,,,群組
A_TreeTag,PID,3,,YES,int,,,場域
A_TreeTag,UserID,4,,YES,int,,,使用者
A_TreeTag,Name,5,,NO,nvarchar,50,,標籤名稱
A_TreeTag,State,6,((1)),NO,bit,,,是否顯示
D_C_ContactType,SID,1,,NO,int,,V,
D_C_ContactType,Name,2,,NO,nvarchar,50,,
D_C_ContactType,State,3,((1)),NO,bit,,,是否可用 1:可用 0:隱藏
D_C_Role,SID,1,,NO,int,,V,
D_C_Role,Name,2,,NO,nvarchar,50,,
D_C_Role,State,3,((1)),NO,bit,,,是否停用
D_C_Type,SID,1,,NO,int,,V,
D_C_Type,Name,2,,YES,nvarchar,50,,
D_C_Type,State,3,((1)),YES,bit,,,是否啟用
D_ContactList,SID,1,,NO,int,,V,
D_ContactList,Company,2,,NO,nvarchar,50,,公司名稱
D_ContactList,ContactName,3,,NO,nvarchar,50,,聯絡人
D_ContactList,Email,4,,NO,varchar,100,,信箱
D_ContactList,Phone,5,,NO,varchar,50,,電話
D_ContactList,Type,6,,NO,int,,,"類型,來自D_C_ContactType的Sid"
D_ContactList,Note,7,,YES,nvarchar,200,,補充說明
D_Group,SID,1,,NO,int,,V,
D_Group,Name,2,,NO,nvarchar,50,,廠商群組名稱
D_Group,LeaderID,3,,NO,int,,,負責人的帳號ID
D_Group,HashCode,4,,NO,varchar,50,,作為用來手動匯入團隊的唯一識別碼
D_Group,CreateTime,5,,YES,datetime2,,,建立時間
D_Group,DestroyTime,6,,YES,datetime2,,,刪除時間
D_GroupOrigin,SID,1,,NO,int,,V,
D_GroupOrigin,GID,2,,YES,int,,,D_Group的SID
D_GroupOrigin,OID,3,,YES,int,,,D_OriginAccount的SID
D_GroupUser,SID,1,,NO,int,,V,
D_GroupUser,UserID,2,,NO,int,,,
D_GroupUser,GID,3,,NO,int,,,
D_OriginAccount,SID,1,,NO,int,,V,
D_OriginAccount,UserKey,2,,NO,char,36,,母帳號登入用Key
D_OriginAccount,Password,3,,NO,varchar,50,,母帳號密碼
D_OriginAccount,Name,4,,NO,nvarchar,50,,客戶名稱
D_OriginAccount,ContactName,5,,YES,nvarchar,50,,聯絡人
D_OriginAccount,Email,6,,YES,varchar,50,,Email信箱
D_OriginAccount,Phone,7,,YES,varchar,20,,連絡電話
D_OriginAccount,Note,8,,YES,nvarchar,500,,備註
D_OriginAccount,StartTime,9,,NO,date,,,起始時間
D_OriginAccount,EndTime,10,,NO,date,,,結束時間
D_OriginAccount,Type,11,,NO,int,,,方案類型代碼
D_OriginAccount,State,12,((1)),NO,bit,,,是否停用
D_OriginUser,SID,1,,NO,int,,V,
D_OriginUser,UserID,2,,NO,int,,,
D_OriginUser,OID,3,,NO,int,,,
D_OriginUser,Role,4,,YES,int,,,
D_UserList,SID,1,,NO,int,,V,
D_UserList,Account,2,,NO,varchar,50,,英數字帳號
D_UserList,Role,3,((2)),NO,int,,,1:業主 2:組長 3:組員
D_UserList,Name,4,,NO,nvarchar,50,,顯示名稱
D_UserList,NickName,5,,YES,nvarchar,50,,
D_UserList,Password1,6,,NO,varchar,500,,密碼
D_UserList,Password2,7,,YES,varchar,500,,密碼
D_UserList,Company,8,,YES,nvarchar,50,,公司名稱
D_UserList,Title,9,,YES,nvarchar,50,,職位
D_UserList,Phone,10,,YES,varchar,20,,
D_UserList,Email,11,,YES,varchar,50,,Email
D_UserList,OID,12,,YES,int,,,D_OriginAccount的SID
D_UserList,CreateToken,13,,YES,varchar,50,,驗證信代碼
D_UserList,CreateTime,14,,NO,datetime2,,,建立時間
D_UserList,DestroyTime,15,,YES,datetime2,,,刪除時間
D_UserList,State,16,((1)),NO,smallint,,,啟用狀態：0停用、1啟用、2待審核
D_UserList,Salt,17,(''),NO,varchar,50,,
D_UserList,PasswordResetToken,18,,YES,nvarchar,100,,
D_UserList,RegistrationNote,19,,YES,nvarchar,1000,,
E_GeoData,SID,1,,NO,int,,V,
E_GeoData,PID,2,,NO,int,,,E_ProjectList的Sid
E_GeoData,Name,3,,YES,nvarchar,50,,範圍的名稱
E_GeoData,Geom,4,,NO,geometry,-1,,
E_GeoData,Radius,5,,YES,decimal,,,圓形的資訊
E_GeoData,CreateTime,6,,NO,datetime2,,,
E_GeoData,DestroyTime,7,,YES,datetime2,,,
E_LocationList,SID,1,,NO,int,,V,
E_LocationList,Name,2,,NO,nvarchar,50,,
E_LocationList,City,3,,YES,nvarchar,50,,縣市
E_LocationList,Town,4,,YES,nvarchar,50,,鄉鎮
E_LocationList,UserID,5,,YES,int,,,
E_LocationList,CreateTime,6,,YES,datetime2,,,
E_LocationList,DestroyTime,7,,YES,datetime2,,,
E_LocationList,OID,8,,YES,int,,,
E_ProjectList,SID,1,,NO,int,,V,
E_ProjectList,LID,2,,NO,int,,,E_LocationList的Sid
E_ProjectList,Name,3,,NO,nvarchar,50,,
E_ProjectList,Note,4,,YES,nvarchar,500,,備註
E_ProjectList,UserID,5,,NO,int,,,
E_ProjectList,GroupID,6,,YES,int,,,"D_Group的SID,表示負責廠商資訊"
E_ProjectList,City,7,,YES,nvarchar,50,,縣市
E_ProjectList,Town,8,,YES,nvarchar,50,,鄉鎮
E_ProjectList,X_84,9,,NO,decimal,,,中心點經度坐標
E_ProjectList,Y_84,10,,NO,decimal,,,中心點緯度坐標
E_ProjectList,CreateTime,11,,NO,datetime2,,,
E_ProjectList,DestroyTime,12,,YES,datetime2,,,
E_ProjectTrees,SID,1,,NO,bigint,,V,
E_ProjectTrees,PID,2,,NO,int,,,E_ProjectList的SID
E_ProjectTrees,TID,3,,NO,int,,,F_TreeList的SID
F_C_Operator,SID,1,,NO,int,,V,
F_C_Operator,Name,2,,NO,nvarchar,50,,
F_C_Operator,Operator,3,,NO,varchar,5,,
F_C_ParameterType,SID,1,,NO,int,,V,
F_C_ParameterType,Name,2,,NO,nvarchar,50,,
F_C_ParameterType,Operator,3,((1)),NO,bit,,,是否可以加上運算子
F_C_PlantType,SID,1,,NO,int,,V,
F_C_PlantType,Name,2,,NO,nvarchar,50,,
F_C_PlantType,State,3,((1)),NO,bit,,,
F_C_State,SID,1,,NO,int,,V,
F_C_State,Name,2,,NO,nvarchar,20,,
F_C_State,State,3,((1)),NO,bit,,,
F_File,SID,1,,NO,int,,V,
F_File,TreeID,2,,NO,int,,,F_TreeList的Sid
F_File,Name,3,,YES,nvarchar,100,,檔案名稱
F_File,Path,4,,YES,varchar,200,,
F_File,UserID,5,,NO,int,,,資料建立者id
F_File,CreateTime,6,,NO,datetime2,,,
F_File,DestroyTime,7,,YES,datetime2,,,
F_GeoData,SID,1,,NO,int,,V,
F_GeoData,TreeID,2,,NO,int,,,F_TreeList的Sid
F_GeoData,Type,3,,NO,int,,,1:單點 2:polygon
F_GeoData,Geom,4,,NO,geometry,-1,,
F_GeoData,Radius,5,,YES,decimal,,,圓形的資訊
F_GeoData,CreateTime,6,,NO,datetime2,,,
F_GeoData,DestroyTime,7,,YES,datetime2,,,
F_MapSearchParameter,SID,1,,NO,int,,V,
F_MapSearchParameter,Title,2,,NO,nvarchar,50,,
F_MapSearchParameter,TargetTable,3,,NO,nvarchar,50,,查詢資料表
F_MapSearchParameter,TargetAttribute,4,,NO,nvarchar,50,,目標屬性欄位
F_MapSearchParameter,SourceTable,5,,YES,nvarchar,50,,選項來源表
F_MapSearchParameter,SourceAttributeValue,6,,YES,nvarchar,50,,選項來源屬性
F_MapSearchParameter,SourceAttributeName,7,,YES,nvarchar,50,,
F_MapSearchParameter,Type,8,,NO,int,,,篩選方式 1.文字查詢 2.數值查詢 3.日期查詢 4.狀態查詢 5.下拉選單(單) 6.下拉選單(多)
F_MapSearchParameter,State,9,((1)),NO,bit,,,
F_MapSearchParameter,Unit,10,,YES,nvarchar,50,,
F_MapSearchSet,SID,1,,NO,int,,V,
F_MapSearchSet,LID,2,,NO,int,,,F_MapSearchSetList的Sid
F_MapSearchSet,OID,3,,YES,int,,,F_C_Operator的Sid(運算子的狀態)
F_MapSearchSet,PID,4,,NO,int,,,F_MapSearchParameter的Sid(查詢條件的來源)
F_MapSearchSet,Value,5,,YES,nvarchar,50,,使用者預設數值
F_MapSearchSetList,SID,1,,NO,int,,V,
F_MapSearchSetList,Name,2,,NO,nvarchar,100,,組合名稱
F_MapSearchSetList,CreateUser,3,,NO,int,,,建立的使用者帳號
F_MapSearchSetList,CreateTime,4,,NO,datetime2,,,
F_Photo,SID,1,,NO,int,,V,
F_Photo,TreeID,2,,NO,int,,,F_TreeList的Sid
F_Photo,Type,3,((1)),NO,int,,,照片的屬性
F_Photo,Order,4,,YES,int,,,單木照片的次序
F_Photo,Name,5,,NO,nvarchar,100,,
F_Photo,Path,6,,NO,nvarchar,200,,
F_Photo,CreateTime,7,,NO,datetime2,,,
F_Photo,DestroyTime,8,,YES,datetime2,,,
F_TreeList,SID,1,,NO,int,,V,
F_TreeList,KindID,2,,NO,int,,,樹種代碼
F_TreeList,UID,3,,YES,varchar,20,,植栽編號
F_TreeList,CustomName,4,,YES,nvarchar,100,,植栽暱稱
F_TreeList,State,5,((1)),NO,int,,,
F_TreeList,Age,6,,YES,int,,,栽種樹齡
F_TreeList,PlantTime,7,,YES,date,,,種植日期
F_TreeList,PlantType,8,,YES,int,,,F_C_PlantType的Sid
F_TreeList,PlantState,9,,YES,int,,,F_C_State的Sid
F_TreeList,Area,10,,YES,decimal,,,面積(平方公尺)
F_TreeList,Note,11,,YES,nvarchar,500,,植栽備註
F_TreeList,UserID,12,,YES,int,,,資料建立者id
F_TreeList,CreateTime,13,,NO,datetime2,,,
F_TreeList,EditTime,14,,YES,datetime2,,,
F_TreeList,DestroyTime,15,,YES,datetime2,,,
F_TreeTag,SID,1,,NO,int,,V,
F_TreeTag,TreeID,2,,NO,int,,,F_TreeList的Sid
F_TreeTag,TagID,3,,NO,int,,,
G_File,SID,1,,NO,int,,V,
G_File,SurveyID,2,,NO,int,,,G_SurveyRecord的Sid
G_File,Name,3,,YES,nvarchar,100,,檔案名稱
G_File,Path,4,,YES,varchar,200,,
G_File,UserID,5,,NO,int,,,資料建立者id
G_File,CreateTime,6,,NO,datetime2,,,
G_File,DestroyTime,7,,YES,datetime2,,,
G_Photo,SID,1,,NO,int,,V,
G_Photo,SurveyID,2,,NO,int,,,G_SurveyRecord的Sid
G_Photo,Type,3,((1)),NO,int,,,照片的屬性
G_Photo,Order,4,,YES,int,,,照片的次序
G_Photo,Name,5,,NO,nvarchar,100,,
G_Photo,Path,6,,NO,nvarchar,200,,
G_Photo,UserID,7,,NO,int,,,資料建立者id
G_Photo,CreateTime,8,,NO,datetime2,,,
G_Photo,DestroyTime,9,,YES,datetime2,,,
G_SurveyRecord,SID,1,,NO,int,,V,
G_SurveyRecord,TreeID,2,,YES,int,,,F_TreeList的Sid
G_SurveyRecord,DBH,3,,YES,decimal,,,胸高直徑(公分)
G_SurveyRecord,DRH,4,,YES,decimal,,,基部直徑(公分)
G_SurveyRecord,Height,5,,YES,decimal,,,樹高(公尺)
G_SurveyRecord,CrownN,6,,YES,decimal,,,樹冠幅南北向
G_SurveyRecord,CrownE,7,,YES,decimal,,,樹冠幅東西向
G_SurveyRecord,HCB,8,,YES,decimal,,,枝下高
G_SurveyRecord,Note,9,,YES,nvarchar,500,,
G_SurveyRecord,UserID,10,,NO,int,,,資料建立者id
G_SurveyRecord,MID,11,,YES,int,,,判斷是由哪個Mission所做的紀錄
G_SurveyRecord,CreateTime,12,,NO,datetime2,,,
G_SurveyRecord,EditTime,13,,YES,datetime2,,,
G_SurveyRecord,DestroyTime,14,,YES,datetime2,,,
L_Area,SID,1,,NO,int,,V,
L_Area,MID,2,,NO,int,,,L_MissionList的SID
L_Area,PID,3,,NO,int,,,E_ProjectList的SID
L_C_TaskType,SID,1,,NO,int,,V,
L_C_TaskType,Name,2,,YES,nvarchar,50,,
L_C_TaskType,State,3,((1)),NO,bit,,,是否可用
L_DailyReport,SID,1,,NO,int,,V,
L_DailyReport,MID,2,,YES,int,,,L_MissionList的SID
L_DailyReport,Date,3,,NO,date,,,工作日誌日期
L_DailyReport,Note,4,,YES,nvarchar,200,,
L_DailyReport,ReviewNote,5,,YES,nvarchar,200,,管理員意見
L_DailyReport,UserID,6,,YES,int,,,建立者
L_DailyReport,CreateTime,7,,YES,datetime2,,,建立時間
L_DailyReport,DestroyTime,8,,YES,datetime2,,,刪除時間
L_DailyReport,OtherTools,9,,YES,nvarchar,500,,
L_File,SID,1,,NO,int,,V,
L_File,DID,2,,YES,int,,,L_DailyReport的Sid
L_File,TID,3,,YES,int,,,L_Target的SID
L_File,Name,4,,YES,nvarchar,100,,檔案名稱
L_File,Path,5,,YES,varchar,200,,
L_File,UserID,6,,NO,int,,,資料建立者id
L_File,CreateTime,7,,NO,datetime2,,,
L_File,DestroyTime,8,,YES,datetime2,,,
L_File,Type,9,,NO,int,,,
L_MissionLeader,SID,1,,NO,int,,V,
L_MissionLeader,MID,2,,NO,int,,,MissionList的SID
L_MissionLeader,UserID,3,,NO,int,,,UserID
L_MissionList,SID,1,,NO,int,,V,
L_MissionList,Title,2,,NO,nvarchar,50,,任務名稱
L_MissionList,NeedDays,3,,YES,int,,,所需執行天數
L_MissionList,StartTime,4,,NO,date,,,開始時間
L_MissionList,EndTime,5,,NO,date,,,要求完成時間
L_MissionList,ExpandTime,6,,YES,date,,,展延完成時間
L_MissionList,Note,7,,YES,nvarchar,200,,派工備註
L_MissionList,GID,8,,YES,int,,,廠商Group.SID
L_MissionList,UserID,9,,NO,int,,,建立者
L_MissionList,ReviewID,10,,YES,int,,,審核者
L_MissionList,ReviewNote,11,,YES,nvarchar,200,,審核意見
L_MissionList,ExpandNote,12,,YES,nvarchar,200,,延期備註
L_MissionList,FinishNote,13,,YES,nvarchar,200,,完成備註
L_MissionList,CreateTime,14,,NO,datetime2,,,建立時間
L_MissionList,ReviewTime,15,,YES,datetime2,,,審核時間
L_MissionList,FinishTime,16,,YES,datetime2,,,通報完成時間
L_MissionList,DenyTime,17,,YES,datetime2,,,拒絕時間
L_MissionList,DestroyTime,18,,YES,datetime2,,,任務刪除時間
L_MissionList,DoneTime,19,,YES,date,,,
L_MissionList,OID,20,,YES,int,,,
L_Photo,SID,1,,NO,int,,V,
L_Photo,DID,2,,YES,int,,,L_DailyReport的SID
L_Photo,DetailID,3,,YES,int,,,L_ReportDetail的SID
L_Photo,TID,4,,YES,int,,,L_Target的SID
L_Photo,Type,5,((1)),NO,int,,,照片的屬性
L_Photo,Order,6,,YES,int,,,單木照片的次序
L_Photo,Name,7,,NO,nvarchar,100,,
L_Photo,Path,8,,NO,nvarchar,200,,
L_Photo,CreateTime,9,,NO,datetime2,,,
L_Photo,DestroyTime,10,,YES,datetime2,,,
L_ReportDetail,SID,1,,NO,int,,V,
L_ReportDetail,DID,2,,YES,int,,,L_DailyReport的SID
L_ReportDetail,Note,3,,YES,nvarchar,200,,
L_ReportDetail,ReviewNote,4,,YES,nvarchar,200,,管理員意見
L_ReportDetail,DestroyTime,5,,YES,datetime2,,,刪除時間
L_ReportMember,SID,1,,NO,int,,V,
L_ReportMember,DID,2,,NO,int,,,L_DailyReport的SID
L_ReportMember,UserID,3,,NO,int,,,人員的SID
L_ReportTarget,SID,1,,NO,int,,V,
L_ReportTarget,DetailID,2,,NO,int,,,L_ReportDetail的SID
L_ReportTarget,TID,3,,NO,int,,,L_Target的SID
L_ReportTask,SID,1,,NO,int,,V,
L_ReportTask,DID,2,,YES,int,,,L_DailyReport的SID
L_ReportTask,TID,3,,YES,int,,,L_TaskList的SID
L_ReportTool,SID,1,,NO,int,,V,
L_ReportTool,DID,2,,NO,int,,,L_DailyReport的SID
L_ReportTool,TID,3,,NO,int,,,L_TaskTool的SID
L_Target,SID,1,,NO,int,,V,
L_Target,MID,2,,NO,int,,,L_MissionList的SID
L_Target,TreeID,3,,NO,int,,,F_TreeList的SID
L_TaskItem,SID,1,,NO,int,,V,
L_TaskItem,Type,2,,NO,int,,,L_C_TaskType的SID
L_TaskItem,ID,3,,YES,char,3,,工作代碼
L_TaskItem,Name,4,,NO,nvarchar,50,,工作名稱
L_TaskItem,Note,5,,YES,nvarchar,500,,內容說明
L_TaskItem,Cost,6,,YES,int,,,預計花費預算
L_TaskItem,State,7,((1)),NO,bit,,,是否可用
L_TaskList,SID,1,,NO,int,,V,
L_TaskList,MID,2,,NO,int,,,L_MissionList的SID
L_TaskList,TID,3,,NO,int,,,L_TaskItem的SID
L_TaskTool,SID,1,,NO,int,,V,
L_TaskTool,MID,2,,NO,int,,,L_MissionList的SID
L_TaskTool,TID,3,,NO,int,,,L_ToolItem的SID
L_ToolItem,SID,1,,NO,int,,V,
L_ToolItem,Name,2,,NO,nvarchar,50,,工具名稱
L_ToolItem,Note,3,,YES,nvarchar,50,,工具的說明
L_ToolItem,Cost,4,,YES,int,,,預估花費
L_ToolItem,State,5,((1)),NO,bit,,,是否可用
M_AdminList,SID,1,,NO,int,,V,
M_AdminList,Name,2,,NO,nvarchar,50,,
M_AdminList,Account,3,,NO,varchar,50,,
M_AdminList,Password,4,,YES,varchar,50,,
M_AdminList,Status,5,((1)),NO,bit,,,
M_TrialInfo,SID,1,,NO,int,,V,
M_TrialInfo,Name,2,,NO,nvarchar,30,,姓名
M_TrialInfo,Email,3,,NO,varchar,50,,Email
M_TrialInfo,Phone,4,,YES,varchar,20,,連絡電話
M_TrialInfo,Company,5,,YES,nvarchar,50,,公司名稱
M_TrialInfo,VAT,6,,YES,varchar,20,,企業統一編號
M_TrialInfo,Title,7,,YES,nvarchar,50,,職稱
M_TrialInfo,TrialType,8,,NO,int,,,試用需求類型
M_TrialInfo,TrialTypeNote,9,,YES,nvarchar,50,,其他類型說明
M_TrialInfo,Note,10,,YES,nvarchar,200,,需求說明
M_TrialInfo,ApplyTime,11,,NO,datetime2,,,申請時間
M_TrialInfo,ApprovalTime,12,,YES,datetime2,,,審核時間
M_TrialInfo,Status,13,,YES,bit,,,null 未審核;0 不通過;1 通過
